Name,RatingAverage,RatingCount,Link
Apfel-Spekulatius-Dessert,4.88,67,https://www.chefkoch.de/rezepte/3243021482585422/Apfel-Spekulatius-Dessert.html
Pikanter Dattel-Frischkäse-Dip,4.87,319,https://www.chefkoch.de/rezepte/2653511416758959/Pikanter-Dattel-Frischkaese-Dip.html
Köstliche BBQ Spareribs für Smoker und Backofen mit Soße und Gewürzmischung,4.87,383,https://www.chefkoch.de/rezepte/2338561372249308/Koestliche-BBQ-Spareribs-fuer-Smoker-und-Backofen-mit-Sosse-und-Gewuerzmischung.html
Lothars beste Nürnberger Elisenlebkuchen,4.87,1.141,https://www.chefkoch.de/rezepte/1010591206190843/Lothars-beste-Nuernberger-Elisenlebkuchen.html
Die perfekten Hamburgerbrötchen,4.87,186,https://www.chefkoch.de/rezepte/2642351415194117/Die-perfekten-Hamburgerbroetchen.html
Ossobuco à la Milanese,4.86,64,https://www.chefkoch.de/rezepte/3039711456645264/Ossobuco-a-la-Milanese.html
Fior di mandorla,4.86,183,https://www.chefkoch.de/rezepte/2559711400663888/Fior-di-mandorla.html
Schneemoussetorte mit Rhabarber,4.85,175,https://www.chefkoch.de/rezepte/1521151257327860/Schneemoussetorte-mit-Rhabarber.html
Dinkelvollkornbrot,4.85,206,https://www.chefkoch.de/rezepte/1949731317135673/Dinkelvollkornbrot.html
Nussecken,4.85,419,https://www.chefkoch.de/rezepte/1256021231072628/Nussecken.html
Joghurtbombe,4.85,84,https://www.chefkoch.de/rezepte/2568071401917035/Joghurtbombe.html
Low-Carb Brot - mein Bestes,4.85,96,https://www.chefkoch.de/rezepte/3316941492622177/Low-Carb-Brot-mein-Bestes.html
Aloha-Quarkmäusle,4.85,50,https://www.chefkoch.de/rezepte/2690541421778074/Aloha-Quarkmaeusle.html
Grießbrei von Großmutter,4.84,1.377,https://www.chefkoch.de/rezepte/914031196710118/Griessbrei-von-Grossmutter.html
Semmelknödel,4.84,158,https://www.chefkoch.de/rezepte/1776051287580291/Semmelknoedel.html
Rinderfilet an Whiskeyrahmsauce,4.84,239,https://www.chefkoch.de/rezepte/701261172735942/Rinderfilet-an-Whiskeyrahmsauce.html
Rinderrouladen klassisch,4.84,1.153,https://www.chefkoch.de/rezepte/2133281343053838/Rinderrouladen-klassisch.html
Russischer Zupfkuchen,4.84,744,https://www.chefkoch.de/rezepte/2636361414129018/Russischer-Zupfkuchen.html
Hamburger und Hot Dog Buns,4.84,204,https://www.chefkoch.de/rezepte/2841831436245733/Hamburger-und-Hot-Dog-Buns.html
Rhabarber-Streusel-Kuchen,4.84,135,https://www.chefkoch.de/rezepte/2557531400251892/Rhabarber-Streusel-Kuchen.html
Kaltes Schweinefilet,4.84,66,https://www.chefkoch.de/rezepte/1803001291554585/Kaltes-Schweinefilet.html
Grundrezept Biskuitboden,4.84,114,https://www.chefkoch.de/rezepte/3212831478161358/Grundrezept-Biskuitboden.html
"Schweinebraten, resche Kruste, leckere Soße",4.84,89,https://www.chefkoch.de/rezepte/2063791333612329/Schweinebraten-resche-Kruste-leckere-Sosse.html
Rehrücken ausgelöst,4.83,240,https://www.chefkoch.de/rezepte/485281142608656/Rehruecken-ausgeloest.html
Hirschgulasch,4.83,457,https://www.chefkoch.de/rezepte/923511197717113/Hirschgulasch.html
Sauerteig,4.83,501,https://www.chefkoch.de/rezepte/916071197018348/Sauerteig.html
Blitzschnelle Mayonnaise in einer Minute,4.83,141,https://www.chefkoch.de/rezepte/2036171329920629/Blitzschnelle-Mayonnaise-in-einer-Minute.html
Semmelknödel aus der Form,4.83,296,https://www.chefkoch.de/rezepte/1728511281966781/Semmelknoedel-aus-der-Form.html
Dattelcreme,4.83,87,https://www.chefkoch.de/rezepte/2911251443383530/Dattelcreme.html
KFC Coleslaw,4.83,280,https://www.chefkoch.de/rezepte/3017351454519857/KFC-Coleslaw.html
